[
  {
    "id": 1,
    "priority": 1,
    "action": {
      "type": "redirect",
      "redirect": {
        "extensionPath": "/emergency.html"
      }
    },
    "condition": {
      "urlFilter": "||pornhub.com^",
      "resourceTypes": ["main_frame"]
    }
  },
  
  {
    "id": 2,
    "priority": 1,
    "action": {
      "type": "redirect",
      "redirect": {
        "extensionPath": "/emergency.html"
      }
    },
    "condition": {
      "urlFilter": "||smutbase.com^",
      "resourceTypes": ["main_frame"]
    }
  }
]
